[
    {
        "name": "Игра престолов",
        "description": "К концу подходит время благоденствия, и лето, длившееся почти десятилетие, угасает. Вокруг средоточия власти Семи королевств, Железного трона, зреет заговор, и в это непростое время король решает искать поддержки у друга юности Эддарда Старка. В мире, где все — от короля до наемника — рвутся к власти, плетут интриги и готовы вонзить нож в спину, есть место и благородству, состраданию и любви. Между тем никто не замечает пробуждение тьмы из легенд далеко на Севере — и лишь Стена защищает живых к югу от нее.",
        "image": "https://avatars.mds.yandex.net/get-kinopoisk-image/1777765/dd78edfd-6a1f-486c-9a86-6acbca940418/300x450"
    },
    {
        "name": "Доктор Хаус",
        "description": "Сериал рассказывает о команде врачей, которые должны правильно поставить диагноз пациенту и спасти его. Возглавляет команду доктор Грегори Хаус, который ходит с тростью после того, как его мышечный инфаркт в правой ноге слишком поздно правильно диагностировали. Порой его поведение можно назвать почти бесчеловечным, и при этом он прекрасный врач, обладающий нетипичным умом и безупречным инстинктом, что снискало ему глубокое уважение...",
        "image": "https://avatars.mds.yandex.net/get-kinopoisk-image/1599028/270df10e-2e72-4d8e-a49b-f84c751162a7/300x450"
    },
    {
        "name": "Триггер",
        "description": "Психолог Артём Стрелецкий — сторонник шоковой терапии в лечении больных. Он считает, что единственный способ для человека решить свои проблемы — это понять себя и перестать себе врать. Если большинство психологов нянчатся с клиентами, по полгода выслушивают жалобы на жизнь, сочувствуют и получают при этом немалые деньги за цикл сеансов, то Артём постоянно провоцирует клиентов: оскорбляет их, смеется над ними, намеренно выталкивает из зоны комфорта. Практика Артема процветает, пока один из его пациентов не кончает жизнь самоубийством.",
        "image": "https://avatars.mds.yandex.net/get-kinopoisk-image/4774061/374ded5e-2b42-4516-befe-31d5f427eafd/300x450"
    },
    {
        "name": "Менталист",
        "description": "Патрик Джейн - детектив и независимый консультант из Калифорнийского Бюро Расследований (КБР), он использует свои отточенные, как лезвие, навыки наблюдения для раскрытия тяжких преступлений. В самом Бюро Джейн известен за частые нарушения протокола, а также за его звездное прошлое: он работал медиумом, однако теперь сам признает, что симулировал паранормальные способности...",
        "image": "https://avatars.mds.yandex.net/get-kinopoisk-image/4774061/7436d514-5c59-45bf-abe1-b4821ad2056f/300x450"
    },
    {
        "name": "Побег",
        "description": "Майкл убежден в невиновности брата, осужденного на казнь, и решает сам восстановить справедливость. Он намеренно совершает преступление, за которое попадает в ту самую тюрьму, где сидит брат. Ту самую, которую Майкл хорошо знает, потому что сам же ее и создавал, как инженер-строитель... План спасения гениально прост...",
        "image": "https://avatars.mds.yandex.net/get-kinopoisk-image/6201401/02da65b9-ff3f-4390-b8ec-8adc95a8176c/300x450"
    }
]